State,Gender,MaritalStatus,Education,Count
ANDAMAN & NICOBAR,FEMALE,SINGLE,ENGINEERING,1
ANDAMAN & NICOBAR,MALE,SINGLE,MANAGEMENT,1
ANDHRA PRADESH,FEMALE,MARRIED,COMMERCE,3
ANDHRA PRADESH,FEMALE,MARRIED,ENGINEERING,8
ANDHRA PRADESH,FEMALE,MARRIED,MANAGEMENT,1
ANDHRA PRADESH,FEMALE,MARRIED,NA,1
ANDHRA PRADESH,FEMALE,MARRIED,OTHERS,1
ANDHRA PRADESH,FEMALE,MARRIED,SCIENCE,2
ANDHRA PRADESH,FEMALE,NA,OTHERS,1
ANDHRA PRADESH,FEMALE,NA,SCIENCE,1
ANDHRA PRADESH,FEMALE,SINGLE,COMMERCE,7
ANDHRA PRADESH,FEMALE,SINGLE,ENGINEERING,36
ANDHRA PRADESH,FEMALE,SINGLE,MANAGEMENT,7
ANDHRA PRADESH,FEMALE,SINGLE,NA,2
ANDHRA PRADESH,FEMALE,SINGLE,OTHERS,3
ANDHRA PRADESH,FEMALE,SINGLE,SCIENCE,5
ANDHRA PRADESH,MALE,DIVORCED,MANAGEMENT,1
ANDHRA PRADESH,MALE,MARRIED,ARTS,6
ANDHRA PRADESH,MALE,MARRIED,COMMERCE,11
ANDHRA PRADESH,MALE,MARRIED,ENGINEERING,12
ANDHRA PRADESH,MALE,MARRIED,MANAGEMENT,13
ANDHRA PRADESH,MALE,MARRIED,NA,3
ANDHRA PRADESH,MALE,MARRIED,OTHERS,2
ANDHRA PRADESH,MALE,MARRIED,SCIENCE,8
ANDHRA PRADESH,MALE,NA,COMMERCE,1
ANDHRA PRADESH,MALE,NA,NA,4
ANDHRA PRADESH,MALE,NA,OTHERS,1
ANDHRA PRADESH,MALE,SINGLE,ARTS,4
ANDHRA PRADESH,MALE,SINGLE,COMMERCE,27
ANDHRA PRADESH,MALE,SINGLE,ENGINEERING,138
ANDHRA PRADESH,MALE,SINGLE,MANAGEMENT,37
ANDHRA PRADESH,MALE,SINGLE,NA,3
ANDHRA PRADESH,MALE,SINGLE,OTHERS,2
ANDHRA PRADESH,MALE,SINGLE,SCIENCE,18
ANDHRA PRADESH,NA,MARRIED,ENGINEERING,1
ANDHRA PRADESH,NA,MARRIED,NA,1
ANDHRA PRADESH,NA,NA,NA,6
ANDHRA PRADESH,NA,NA,OTHERS,2
ANDHRA PRADESH,NA,SINGLE,NA,3
ANDHRA PRADESH,NA,SINGLE,OTHERS,1
ARUNACHAL PRADESH,FEMALE,SINGLE,ENGINEERING,1
ARUNACHAL PRADESH,NA,MARRIED,OTHERS,1
ASSAM,FEMALE,MARRIED,ARTS,4
ASSAM,FEMALE,MARRIED,ENGINEERING,1
ASSAM,FEMALE,MARRIED,MANAGEMENT,1
ASSAM,FEMALE,MARRIED,SCIENCE,1
ASSAM,FEMALE,SINGLE,ARTS,4
ASSAM,FEMALE,SINGLE,COMMERCE,7
ASSAM,FEMALE,SINGLE,ENGINEERING,2
ASSAM,FEMALE,SINGLE,MANAGEMENT,4
ASSAM,FEMALE,SINGLE,SCIENCE,1
ASSAM,MALE,MARRIED,COMMERCE,4
ASSAM,MALE,MARRIED,ENGINEERING,1
ASSAM,MALE,MARRIED,MANAGEMENT,3
ASSAM,MALE,MARRIED,SCIENCE,1
ASSAM,MALE,SINGLE,ARTS,4
ASSAM,MALE,SINGLE,COMMERCE,12
ASSAM,MALE,SINGLE,ENGINEERING,7
ASSAM,MALE,SINGLE,MANAGEMENT,7
ASSAM,MALE,SINGLE,OTHERS,1
ASSAM,MALE,SINGLE,SCIENCE,4
BIHAR,FEMALE,MARRIED,ENGINEERING,1
BIHAR,FEMALE,MARRIED,MANAGEMENT,2
BIHAR,FEMALE,SINGLE,ARTS,7
BIHAR,FEMALE,SINGLE,COMMERCE,9
BIHAR,FEMALE,SINGLE,ENGINEERING,20
BIHAR,FEMALE,SINGLE,MANAGEMENT,5
BIHAR,FEMALE,SINGLE,OTHERS,2
BIHAR,FEMALE,SINGLE,SCIENCE,6
BIHAR,MALE,MARRIED,ARTS,10
BIHAR,MALE,MARRIED,COMMERCE,13
BIHAR,MALE,MARRIED,ENGINEERING,9
BIHAR,MALE,MARRIED,MANAGEMENT,9
BIHAR,MALE,MARRIED,OTHERS,1
BIHAR,MALE,MARRIED,SCIENCE,3
BIHAR,MALE,SINGLE,ARTS,23
BIHAR,MALE,SINGLE,COMMERCE,56
BIHAR,MALE,SINGLE,ENGINEERING,75
BIHAR,MALE,SINGLE,MANAGEMENT,51
BIHAR,MALE,SINGLE,OTHERS,4
BIHAR,MALE,SINGLE,SCIENCE,27
CHANDIGARH,FEMALE,SINGLE,COMMERCE,5
CHANDIGARH,FEMALE,SINGLE,MANAGEMENT,1
CHANDIGARH,MALE,MARRIED,COMMERCE,1
CHANDIGARH,MALE,MARRIED,MANAGEMENT,2
CHANDIGARH,MALE,SINGLE,COMMERCE,1
CHANDIGARH,MALE,SINGLE,ENGINEERING,1
CHANDIGARH,MALE,SINGLE,MANAGEMENT,2
CHATTISGARH,FEMALE,DIVORCED,ARTS,1
CHATTISGARH,FEMALE,MARRIED,ARTS,2
CHATTISGARH,FEMALE,MARRIED,COMMERCE,1
CHATTISGARH,FEMALE,MARRIED,ENGINEERING,2
CHATTISGARH,FEMALE,MARRIED,MANAGEMENT,1
CHATTISGARH,FEMALE,NA,ENGINEERING,1
CHATTISGARH,FEMALE,SINGLE,COMMERCE,5
CHATTISGARH,FEMALE,SINGLE,ENGINEERING,18
CHATTISGARH,FEMALE,SINGLE,MANAGEMENT,9
CHATTISGARH,FEMALE,SINGLE,NA,1
CHATTISGARH,FEMALE,SINGLE,OTHERS,1
CHATTISGARH,FEMALE,SINGLE,SCIENCE,1
CHATTISGARH,MALE,MARRIED,ARTS,2
CHATTISGARH,MALE,MARRIED,COMMERCE,5
CHATTISGARH,MALE,MARRIED,ENGINEERING,7
CHATTISGARH,MALE,MARRIED,MANAGEMENT,6
CHATTISGARH,MALE,MARRIED,SCIENCE,1
CHATTISGARH,MALE,SINGLE,ARTS,2
CHATTISGARH,MALE,SINGLE,COMMERCE,15
CHATTISGARH,MALE,SINGLE,ENGINEERING,31
CHATTISGARH,MALE,SINGLE,MANAGEMENT,19
CHATTISGARH,MALE,SINGLE,OTHERS,2
CHATTISGARH,MALE,SINGLE,SCIENCE,2
DADRA & NAGAR HAVELI,FEMALE,DIVORCED,ARTS,1
DADRA & NAGAR HAVELI,FEMALE,SINGLE,COMMERCE,1
DELHI,FEMALE,LEGALLY SEPERATED,ARTS,1
DELHI,FEMALE,LEGALLY SEPERATED,MANAGEMENT,1
DELHI,FEMALE,MARRIED,ARTS,10
DELHI,FEMALE,MARRIED,COMMERCE,19
DELHI,FEMALE,MARRIED,ENGINEERING,7
DELHI,FEMALE,MARRIED,MANAGEMENT,12
DELHI,FEMALE,MARRIED,OTHERS,1
DELHI,FEMALE,MARRIED,SCIENCE,1
DELHI,FEMALE,NA,NA,1
DELHI,FEMALE,SINGLE,ARTS,24
DELHI,FEMALE,SINGLE,COMMERCE,51
DELHI,FEMALE,SINGLE,ENGINEERING,13
DELHI,FEMALE,SINGLE,MANAGEMENT,41
DELHI,FEMALE,SINGLE,NA,1
DELHI,FEMALE,SINGLE,OTHERS,2
DELHI,FEMALE,SINGLE,SCIENCE,7
DELHI,MALE,MARRIED,ARTS,20
DELHI,MALE,MARRIED,COMMERCE,25
DELHI,MALE,MARRIED,ENGINEERING,14
DELHI,MALE,MARRIED,MANAGEMENT,29
DELHI,MALE,MARRIED,OTHERS,4
DELHI,MALE,MARRIED,SCIENCE,6
DELHI,MALE,NA,NA,1
DELHI,MALE,SINGLE,ARTS,27
DELHI,MALE,SINGLE,COMMERCE,65
DELHI,MALE,SINGLE,ENGINEERING,34
DELHI,MALE,SINGLE,FINANCE,1
DELHI,MALE,SINGLE,MANAGEMENT,54
DELHI,MALE,SINGLE,NA,1
DELHI,MALE,SINGLE,OTHERS,8
DELHI,MALE,SINGLE,SCIENCE,10
DELHI,NA,NA,NA,1
DIU & DAMAN,MALE,MARRIED,COMMERCE,2
GOA,FEMALE,MARRIED,COMMERCE,1
GOA,FEMALE,MARRIED,MANAGEMENT,1
GOA,FEMALE,SINGLE,COMMERCE,9
GOA,FEMALE,SINGLE,MANAGEMENT,2
GOA,MALE,MARRIED,COMMERCE,1
GOA,MALE,MARRIED,MANAGEMENT,1
GOA,MALE,SINGLE,COMMERCE,2
GOA,MALE,SINGLE,ENGINEERING,2
GOA,MALE,SINGLE,MANAGEMENT,1
GUJARAT,FEMALE,MARRIED,ARTS,2
GUJARAT,FEMALE,MARRIED,COMMERCE,3
GUJARAT,FEMALE,MARRIED,ENGINEERING,1
GUJARAT,FEMALE,MARRIED,MANAGEMENT,4
GUJARAT,FEMALE,MARRIED,OTHERS,1
GUJARAT,FEMALE,MARRIED,SCIENCE,1
GUJARAT,FEMALE,SINGLE,COMMERCE,12
GUJARAT,FEMALE,SINGLE,ENGINEERING,6
GUJARAT,FEMALE,SINGLE,MANAGEMENT,7
GUJARAT,FEMALE,SINGLE,OTHERS,4
GUJARAT,FEMALE,SINGLE,SCIENCE,1
GUJARAT,MALE,DIVORCED,COMMERCE,1
GUJARAT,MALE,DIVORCED,SCIENCE,1
GUJARAT,MALE,MARRIED,ARTS,12
GUJARAT,MALE,MARRIED,COMMERCE,36
GUJARAT,MALE,MARRIED,ENGINEERING,7
GUJARAT,MALE,MARRIED,MANAGEMENT,25
GUJARAT,MALE,MARRIED,OTHERS,3
GUJARAT,MALE,MARRIED,SCIENCE,4
GUJARAT,MALE,NA,COMMERCE,1
GUJARAT,MALE,NA,NA,2
GUJARAT,MALE,NA,OTHERS,2
GUJARAT,MALE,SINGLE,ARTS,10
GUJARAT,MALE,SINGLE,COMMERCE,55
GUJARAT,MALE,SINGLE,ENGINEERING,37
GUJARAT,MALE,SINGLE,FINANCE,1
GUJARAT,MALE,SINGLE,MANAGEMENT,48
GUJARAT,MALE,SINGLE,NA,1
GUJARAT,MALE,SINGLE,OTHERS,3
GUJARAT,MALE,SINGLE,SCIENCE,3
GUJARAT,NA,MARRIED,NA,1
GUJARAT,NA,MARRIED,OTHERS,2
GUJARAT,NA,NA,COMMERCE,1
GUJARAT,NA,NA,MANAGEMENT,1
GUJARAT,NA,NA,NA,1
GUJARAT,NA,NA,OTHERS,1
HARYANA,FEMALE,MARRIED,ARTS,2
HARYANA,FEMALE,MARRIED,COMMERCE,3
HARYANA,FEMALE,MARRIED,ENGINEERING,1
HARYANA,FEMALE,MARRIED,MANAGEMENT,1
HARYANA,FEMALE,MARRIED,NA,1
HARYANA,FEMALE,MARRIED,OTHERS,2
HARYANA,FEMALE,MARRIED,SCIENCE,1
HARYANA,FEMALE,SINGLE,ARTS,4
HARYANA,FEMALE,SINGLE,COMMERCE,13
HARYANA,FEMALE,SINGLE,ENGINEERING,9
HARYANA,FEMALE,SINGLE,MANAGEMENT,17
HARYANA,FEMALE,SINGLE,NA,1
HARYANA,FEMALE,SINGLE,SCIENCE,3
HARYANA,MALE,MARRIED,ARTS,14
HARYANA,MALE,MARRIED,COMMERCE,10
HARYANA,MALE,MARRIED,ENGINEERING,9
HARYANA,MALE,MARRIED,MANAGEMENT,16
HARYANA,MALE,MARRIED,OTHERS,2
HARYANA,MALE,MARRIED,SCIENCE,2
HARYANA,MALE,SINGLE,ARTS,6
HARYANA,MALE,SINGLE,COMMERCE,29
HARYANA,MALE,SINGLE,ENGINEERING,14
HARYANA,MALE,SINGLE,FINANCE,1
HARYANA,MALE,SINGLE,MANAGEMENT,25
HARYANA,MALE,SINGLE,OTHERS,1
HARYANA,MALE,SINGLE,SCIENCE,4
HARYANA,NA,NA,NA,1
HIMACHAL PRADESH,FEMALE,MARRIED,COMMERCE,1
HIMACHAL PRADESH,FEMALE,MARRIED,ENGINEERING,1
HIMACHAL PRADESH,FEMALE,MARRIED,SCIENCE,1
HIMACHAL PRADESH,FEMALE,SINGLE,ARTS,2
HIMACHAL PRADESH,FEMALE,SINGLE,ENGINEERING,4
HIMACHAL PRADESH,FEMALE,SINGLE,MANAGEMENT,2
HIMACHAL PRADESH,FEMALE,SINGLE,SCIENCE,1
HIMACHAL PRADESH,MALE,MARRIED,ARTS,2
HIMACHAL PRADESH,MALE,MARRIED,ENGINEERING,1
HIMACHAL PRADESH,MALE,MARRIED,MANAGEMENT,3
HIMACHAL PRADESH,MALE,MARRIED,SCIENCE,1
HIMACHAL PRADESH,MALE,SINGLE,ARTS,3
HIMACHAL PRADESH,MALE,SINGLE,COMMERCE,3
HIMACHAL PRADESH,MALE,SINGLE,ENGINEERING,8
HIMACHAL PRADESH,MALE,SINGLE,MANAGEMENT,4
HIMACHAL PRADESH,MALE,SINGLE,SCIENCE,1
JAMMU & KASHMIR,FEMALE,MARRIED,COMMERCE,1
JAMMU & KASHMIR,FEMALE,SINGLE,ARTS,1
JAMMU & KASHMIR,FEMALE,SINGLE,COMMERCE,2
JAMMU & KASHMIR,FEMALE,SINGLE,ENGINEERING,2
JAMMU & KASHMIR,FEMALE,SINGLE,MANAGEMENT,3
JAMMU & KASHMIR,MALE,DOMESTIC PARTNER,ARTS,1
JAMMU & KASHMIR,MALE,MARRIED,ARTS,2
JAMMU & KASHMIR,MALE,MARRIED,ENGINEERING,1
JAMMU & KASHMIR,MALE,MARRIED,MANAGEMENT,3
JAMMU & KASHMIR,MALE,MARRIED,SCIENCE,2
JAMMU & KASHMIR,MALE,SINGLE,ARTS,3
JAMMU & KASHMIR,MALE,SINGLE,COMMERCE,1
JAMMU & KASHMIR,MALE,SINGLE,ENGINEERING,6
JAMMU & KASHMIR,MALE,SINGLE,MANAGEMENT,10
JAMMU & KASHMIR,MALE,SINGLE,OTHERS,1
JAMMU & KASHMIR,MALE,SINGLE,SCIENCE,3
JAMMU & KASHMIR,NA,SINGLE,OTHERS,1
JHARKHAND,FEMALE,DIVORCED,COMMERCE,1
JHARKHAND,FEMALE,MARRIED,COMMERCE,2
JHARKHAND,FEMALE,MARRIED,OTHERS,1
JHARKHAND,FEMALE,SINGLE,ARTS,1
JHARKHAND,FEMALE,SINGLE,COMMERCE,8
JHARKHAND,FEMALE,SINGLE,ENGINEERING,9
JHARKHAND,FEMALE,SINGLE,MANAGEMENT,14
JHARKHAND,FEMALE,SINGLE,SCIENCE,2
JHARKHAND,MALE,MARRIED,ARTS,1
JHARKHAND,MALE,MARRIED,COMMERCE,11
JHARKHAND,MALE,MARRIED,ENGINEERING,3
JHARKHAND,MALE,MARRIED,MANAGEMENT,8
JHARKHAND,MALE,MARRIED,SCIENCE,3
JHARKHAND,MALE,SINGLE,ARTS,8
JHARKHAND,MALE,SINGLE,COMMERCE,25
JHARKHAND,MALE,SINGLE,ENGINEERING,34
JHARKHAND,MALE,SINGLE,MANAGEMENT,18
JHARKHAND,MALE,SINGLE,OTHERS,6
JHARKHAND,MALE,SINGLE,SCIENCE,6
KARNATAKA,FEMALE,DIVORCED,COMMERCE,1
KARNATAKA,FEMALE,MARRIED,COMMERCE,7
KARNATAKA,FEMALE,MARRIED,ENGINEERING,14
KARNATAKA,FEMALE,MARRIED,MANAGEMENT,12
KARNATAKA,FEMALE,MARRIED,OTHERS,1
KARNATAKA,FEMALE,MARRIED,SCIENCE,4
KARNATAKA,FEMALE,SINGLE,ARTS,1
KARNATAKA,FEMALE,SINGLE,COMMERCE,14
KARNATAKA,FEMALE,SINGLE,ENGINEERING,7
KARNATAKA,FEMALE,SINGLE,FINANCE,1
KARNATAKA,FEMALE,SINGLE,MANAGEMENT,14
KARNATAKA,FEMALE,SINGLE,SCIENCE,3
KARNATAKA,MALE,DIVORCED,ENGINEERING,1
KARNATAKA,MALE,MARRIED,ARTS,4
KARNATAKA,MALE,MARRIED,COMMERCE,19
KARNATAKA,MALE,MARRIED,ENGINEERING,5
KARNATAKA,MALE,MARRIED,FINANCE,1
KARNATAKA,MALE,MARRIED,MANAGEMENT,14
KARNATAKA,MALE,MARRIED,SCIENCE,5
KARNATAKA,MALE,NA,COMMERCE,1
KARNATAKA,MALE,NA,NA,5
KARNATAKA,MALE,SINGLE,ARTS,5
KARNATAKA,MALE,SINGLE,COMMERCE,49
KARNATAKA,MALE,SINGLE,ENGINEERING,32
KARNATAKA,MALE,SINGLE,MANAGEMENT,44
KARNATAKA,MALE,SINGLE,OTHERS,2
KARNATAKA,MALE,SINGLE,SCIENCE,7
KARNATAKA,NA,NA,ARTS,1
KARNATAKA,NA,NA,NA,12
KARNATAKA,NA,NA,OTHERS,3
KERALA,FEMALE,MARRIED,ARTS,1
KERALA,FEMALE,MARRIED,COMMERCE,2
KERALA,FEMALE,MARRIED,ENGINEERING,3
KERALA,FEMALE,MARRIED,MANAGEMENT,4
KERALA,FEMALE,MARRIED,SCIENCE,3
KERALA,FEMALE,SINGLE,COMMERCE,11
KERALA,FEMALE,SINGLE,ENGINEERING,9
KERALA,FEMALE,SINGLE,MANAGEMENT,8
KERALA,FEMALE,SINGLE,SCIENCE,4
KERALA,MALE,MARRIED,ARTS,1
KERALA,MALE,MARRIED,COMMERCE,9
KERALA,MALE,MARRIED,ENGINEERING,3
KERALA,MALE,MARRIED,MANAGEMENT,7
KERALA,MALE,MARRIED,OTHERS,1
KERALA,MALE,MARRIED,SCIENCE,2
KERALA,MALE,SINGLE,ARTS,4
KERALA,MALE,SINGLE,COMMERCE,26
KERALA,MALE,SINGLE,ENGINEERING,26
KERALA,MALE,SINGLE,MANAGEMENT,29
KERALA,MALE,SINGLE,OTHERS,2
KERALA,MALE,SINGLE,SCIENCE,3
KERALA,NA,NA,OTHERS,1
MADHYA PRADESH,FEMALE,MARRIED,ARTS,2
MADHYA PRADESH,FEMALE,MARRIED,COMMERCE,4
MADHYA PRADESH,FEMALE,MARRIED,ENGINEERING,2
MADHYA PRADESH,FEMALE,MARRIED,MANAGEMENT,10
MADHYA PRADESH,FEMALE,MARRIED,OTHERS,1
MADHYA PRADESH,FEMALE,MARRIED,SCIENCE,2
MADHYA PRADESH,FEMALE,NA,NA,1
MADHYA PRADESH,FEMALE,NA,OTHERS,1
MADHYA PRADESH,FEMALE,SINGLE,ARTS,5
MADHYA PRADESH,FEMALE,SINGLE,COMMERCE,23
MADHYA PRADESH,FEMALE,SINGLE,ENGINEERING,34
MADHYA PRADESH,FEMALE,SINGLE,FINANCE,1
MADHYA PRADESH,FEMALE,SINGLE,MANAGEMENT,38
MADHYA PRADESH,FEMALE,SINGLE,NA,5
MADHYA PRADESH,FEMALE,SINGLE,OTHERS,2
MADHYA PRADESH,FEMALE,SINGLE,SCIENCE,2
MADHYA PRADESH,MALE,LEGALLY SEPERATED,COMMERCE,1
MADHYA PRADESH,MALE,MARRIED,ARTS,7
MADHYA PRADESH,MALE,MARRIED,COMMERCE,20
MADHYA PRADESH,MALE,MARRIED,ENGINEERING,25
MADHYA PRADESH,MALE,MARRIED,FINANCE,1
MADHYA PRADESH,MALE,MARRIED,MANAGEMENT,51
MADHYA PRADESH,MALE,MARRIED,OTHERS,6
MADHYA PRADESH,MALE,MARRIED,SCIENCE,9
MADHYA PRADESH,MALE,NA,NA,2
MADHYA PRADESH,MALE,NA,OTHERS,1
MADHYA PRADESH,MALE,SINGLE,ARTS,4
MADHYA PRADESH,MALE,SINGLE,COMMERCE,61
MADHYA PRADESH,MALE,SINGLE,ENGINEERING,96
MADHYA PRADESH,MALE,SINGLE,MANAGEMENT,50
MADHYA PRADESH,MALE,SINGLE,NA,7
MADHYA PRADESH,MALE,SINGLE,OTHERS,6
MADHYA PRADESH,MALE,SINGLE,SCIENCE,15
MADHYA PRADESH,NA,NA,NA,1
MAHARASHTRA,FEMALE,DIVORCED,COMMERCE,3
MAHARASHTRA,FEMALE,DIVORCED,ENGINEERING,1
MAHARASHTRA,FEMALE,DIVORCED,MANAGEMENT,1
MAHARASHTRA,FEMALE,LEGALLY SEPERATED,ENGINEERING,1
MAHARASHTRA,FEMALE,MARRIED,ARTS,7
MAHARASHTRA,FEMALE,MARRIED,COMMERCE,56
MAHARASHTRA,FEMALE,MARRIED,ENGINEERING,21
MAHARASHTRA,FEMALE,MARRIED,FINANCE,2
MAHARASHTRA,FEMALE,MARRIED,MANAGEMENT,33
MAHARASHTRA,FEMALE,MARRIED,NA,3
MAHARASHTRA,FEMALE,MARRIED,OTHERS,9
MAHARASHTRA,FEMALE,MARRIED,SCIENCE,12
MAHARASHTRA,FEMALE,NA,COMMERCE,1
MAHARASHTRA,FEMALE,NA,NA,13
MAHARASHTRA,FEMALE,NA,OTHERS,9
MAHARASHTRA,FEMALE,SINGLE,ARTS,13
MAHARASHTRA,FEMALE,SINGLE,COMMERCE,215
MAHARASHTRA,FEMALE,SINGLE,ENGINEERING,51
MAHARASHTRA,FEMALE,SINGLE,FINANCE,4
MAHARASHTRA,FEMALE,SINGLE,MANAGEMENT,74
MAHARASHTRA,FEMALE,SINGLE,NA,16
MAHARASHTRA,FEMALE,SINGLE,OTHERS,16
MAHARASHTRA,FEMALE,SINGLE,SCIENCE,13
MAHARASHTRA,FEMALE,WIDOWED,ARTS,1
MAHARASHTRA,FEMALE,WIDOWED,COMMERCE,1
MAHARASHTRA,FEMALE,WIDOWED,SCIENCE,1
MAHARASHTRA,MALE,DIVORCED,COMMERCE,2
MAHARASHTRA,MALE,DIVORCED,ENGINEERING,1
MAHARASHTRA,MALE,DIVORCED,SCIENCE,1
MAHARASHTRA,MALE,MARRIED,ARTS,44
MAHARASHTRA,MALE,MARRIED,COMMERCE,128
MAHARASHTRA,MALE,MARRIED,ENGINEERING,32
MAHARASHTRA,MALE,MARRIED,FINANCE,3
MAHARASHTRA,MALE,MARRIED,MANAGEMENT,78
MAHARASHTRA,MALE,MARRIED,NA,1
MAHARASHTRA,MALE,MARRIED,OTHERS,9
MAHARASHTRA,MALE,MARRIED,SCIENCE,28
MAHARASHTRA,MALE,NA,COMMERCE,1
MAHARASHTRA,MALE,NA,MANAGEMENT,2
MAHARASHTRA,MALE,NA,NA,10
MAHARASHTRA,MALE,NA,OTHERS,13
MAHARASHTRA,MALE,SINGLE,ARTS,40
MAHARASHTRA,MALE,SINGLE,COMMERCE,264
MAHARASHTRA,MALE,SINGLE,ENGINEERING,188
MAHARASHTRA,MALE,SINGLE,FINANCE,3
MAHARASHTRA,MALE,SINGLE,MANAGEMENT,164
MAHARASHTRA,MALE,SINGLE,NA,11
MAHARASHTRA,MALE,SINGLE,OTHERS,26
MAHARASHTRA,MALE,SINGLE,SCIENCE,51
MAHARASHTRA,NA,MARRIED,ARTS,1
MAHARASHTRA,NA,MARRIED,OTHERS,3
MAHARASHTRA,NA,MARRIED,SCIENCE,1
MAHARASHTRA,NA,NA,COMMERCE,4
MAHARASHTRA,NA,NA,NA,16
MAHARASHTRA,NA,NA,OTHERS,25
MAHARASHTRA,NA,SINGLE,COMMERCE,1
MAHARASHTRA,NA,SINGLE,NA,7
MAHARASHTRA,NA,SINGLE,OTHERS,5
MANIPUR,FEMALE,SINGLE,ENGINEERING,1
MANIPUR,MALE,MARRIED,ARTS,2
MANIPUR,MALE,SINGLE,ARTS,1
MANIPUR,MALE,SINGLE,COMMERCE,1
MANIPUR,MALE,SINGLE,ENGINEERING,1
MANIPUR,MALE,SINGLE,MANAGEMENT,2
MANIPUR,MALE,SINGLE,SCIENCE,3
MEGHALAYA,FEMALE,SINGLE,MANAGEMENT,1
MEGHALAYA,MALE,SINGLE,COMMERCE,1
MIZORAM,FEMALE,SINGLE,COMMERCE,1
NA,FEMALE,MARRIED,NA,1
NA,FEMALE,MARRIED,OTHERS,1
NA,FEMALE,NA,ENGINEERING,1
NA,FEMALE,NA,NA,280
NA,FEMALE,NA,OTHERS,1
NA,FEMALE,SINGLE,OTHERS,2
NA,MALE,MARRIED,MANAGEMENT,1
NA,MALE,MARRIED,NA,1
NA,MALE,MARRIED,OTHERS,1
NA,MALE,NA,COMMERCE,4
NA,MALE,NA,MANAGEMENT,2
NA,MALE,NA,NA,316
NA,MALE,NA,OTHERS,4
NA,MALE,NA,SCIENCE,1
NA,MALE,SINGLE,ENGINEERING,1
NA,MALE,SINGLE,NA,2
NA,MALE,SINGLE,OTHERS,3
NA,MALE,SINGLE,SCIENCE,1
NA,NA,MARRIED,COMMERCE,1
NA,NA,MARRIED,NA,1
NA,NA,MARRIED,OTHERS,2
NA,NA,NA,ENGINEERING,1
NA,NA,NA,MANAGEMENT,1
NA,NA,NA,NA,38
NA,NA,NA,OTHERS,10
NA,NA,NA,SCIENCE,1
NA,NA,SINGLE,ENGINEERING,1
NA,NA,SINGLE,MANAGEMENT,1
NA,NA,SINGLE,NA,2
NA,NA,SINGLE,OTHERS,1
NAGALAND,FEMALE,MARRIED,COMMERCE,1
NAGALAND,MALE,SINGLE,COMMERCE,2
ODISHA,FEMALE,MARRIED,ARTS,1
ODISHA,FEMALE,MARRIED,COMMERCE,1
ODISHA,FEMALE,MARRIED,ENGINEERING,1
ODISHA,FEMALE,MARRIED,MANAGEMENT,2
ODISHA,FEMALE,MARRIED,SCIENCE,1
ODISHA,FEMALE,SINGLE,ARTS,4
ODISHA,FEMALE,SINGLE,COMMERCE,7
ODISHA,FEMALE,SINGLE,ENGINEERING,10
ODISHA,FEMALE,SINGLE,MANAGEMENT,8
ODISHA,FEMALE,SINGLE,OTHERS,1
ODISHA,FEMALE,SINGLE,SCIENCE,3
ODISHA,MALE,MARRIED,ARTS,9
ODISHA,MALE,MARRIED,COMMERCE,7
ODISHA,MALE,MARRIED,ENGINEERING,3
ODISHA,MALE,MARRIED,MANAGEMENT,9
ODISHA,MALE,MARRIED,SCIENCE,6
ODISHA,MALE,SINGLE,ARTS,5
ODISHA,MALE,SINGLE,COMMERCE,25
ODISHA,MALE,SINGLE,ENGINEERING,38
ODISHA,MALE,SINGLE,MANAGEMENT,20
ODISHA,MALE,SINGLE,OTHERS,2
ODISHA,MALE,SINGLE,SCIENCE,14
PONDICHERRY,FEMALE,SINGLE,ENGINEERING,1
PONDICHERRY,MALE,MARRIED,SCIENCE,1
PONDICHERRY,MALE,SINGLE,COMMERCE,1
PONDICHERRY,MALE,SINGLE,ENGINEERING,5
PONDICHERRY,MALE,SINGLE,SCIENCE,1
PUNJAB,FEMALE,MARRIED,ARTS,1
PUNJAB,FEMALE,MARRIED,COMMERCE,2
PUNJAB,FEMALE,MARRIED,ENGINEERING,1
PUNJAB,FEMALE,MARRIED,MANAGEMENT,1
PUNJAB,FEMALE,NA,NA,1
PUNJAB,FEMALE,SINGLE,ARTS,3
PUNJAB,FEMALE,SINGLE,COMMERCE,11
PUNJAB,FEMALE,SINGLE,ENGINEERING,17
PUNJAB,FEMALE,SINGLE,FINANCE,2
PUNJAB,FEMALE,SINGLE,MANAGEMENT,12
PUNJAB,FEMALE,SINGLE,OTHERS,1
PUNJAB,MALE,MARRIED,ARTS,6
PUNJAB,MALE,MARRIED,COMMERCE,7
PUNJAB,MALE,MARRIED,ENGINEERING,2
PUNJAB,MALE,MARRIED,MANAGEMENT,5
PUNJAB,MALE,MARRIED,SCIENCE,4
PUNJAB,MALE,SINGLE,ARTS,7
PUNJAB,MALE,SINGLE,COMMERCE,27
PUNJAB,MALE,SINGLE,ENGINEERING,21
PUNJAB,MALE,SINGLE,MANAGEMENT,13
PUNJAB,MALE,SINGLE,NA,1
PUNJAB,MALE,SINGLE,SCIENCE,4
PUNJAB,NA,NA,NA,3
RAJASTHAN,FEMALE,MARRIED,COMMERCE,1
RAJASTHAN,FEMALE,MARRIED,ENGINEERING,4
RAJASTHAN,FEMALE,MARRIED,MANAGEMENT,1
RAJASTHAN,FEMALE,MARRIED,NA,1
RAJASTHAN,FEMALE,NA,NA,2
RAJASTHAN,FEMALE,SINGLE,COMMERCE,14
RAJASTHAN,FEMALE,SINGLE,ENGINEERING,8
RAJASTHAN,FEMALE,SINGLE,MANAGEMENT,15
RAJASTHAN,FEMALE,SINGLE,NA,2
RAJASTHAN,FEMALE,SINGLE,OTHERS,2
RAJASTHAN,FEMALE,SINGLE,SCIENCE,2
RAJASTHAN,MALE,MARRIED,ARTS,16
RAJASTHAN,MALE,MARRIED,COMMERCE,16
RAJASTHAN,MALE,MARRIED,ENGINEERING,18
RAJASTHAN,MALE,MARRIED,MANAGEMENT,20
RAJASTHAN,MALE,MARRIED,OTHERS,1
RAJASTHAN,MALE,MARRIED,SCIENCE,2
RAJASTHAN,MALE,NA,NA,3
RAJASTHAN,MALE,NA,OTHERS,1
RAJASTHAN,MALE,SINGLE,ARTS,12
RAJASTHAN,MALE,SINGLE,COMMERCE,62
RAJASTHAN,MALE,SINGLE,ENGINEERING,49
RAJASTHAN,MALE,SINGLE,MANAGEMENT,21
RAJASTHAN,MALE,SINGLE,NA,2
RAJASTHAN,MALE,SINGLE,OTHERS,3
RAJASTHAN,MALE,SINGLE,SCIENCE,3
RAJASTHAN,NA,MARRIED,OTHERS,1
RAJASTHAN,NA,NA,COMMERCE,1
RAJASTHAN,NA,NA,NA,1
RAJASTHAN,NA,NA,OTHERS,1
RAJASTHAN,NA,SINGLE,NA,1
SIKKIM,MALE,SINGLE,MANAGEMENT,1
TAMIL NADU,FEMALE,DIVORCED,COMMERCE,1
TAMIL NADU,FEMALE,MARRIED,ARTS,1
TAMIL NADU,FEMALE,MARRIED,COMMERCE,6
TAMIL NADU,FEMALE,MARRIED,ENGINEERING,20
TAMIL NADU,FEMALE,MARRIED,MANAGEMENT,10
TAMIL NADU,FEMALE,MARRIED,OTHERS,4
TAMIL NADU,FEMALE,MARRIED,SCIENCE,6
TAMIL NADU,FEMALE,NA,NA,1
TAMIL NADU,FEMALE,SINGLE,ARTS,8
TAMIL NADU,FEMALE,SINGLE,COMMERCE,18
TAMIL NADU,FEMALE,SINGLE,ENGINEERING,96
TAMIL NADU,FEMALE,SINGLE,MANAGEMENT,20
TAMIL NADU,FEMALE,SINGLE,NA,3
TAMIL NADU,FEMALE,SINGLE,OTHERS,1
TAMIL NADU,FEMALE,SINGLE,SCIENCE,10
TAMIL NADU,MALE,MARRIED,ARTS,2
TAMIL NADU,MALE,MARRIED,COMMERCE,22
TAMIL NADU,MALE,MARRIED,ENGINEERING,27
TAMIL NADU,MALE,MARRIED,MANAGEMENT,15
TAMIL NADU,MALE,MARRIED,OTHERS,2
TAMIL NADU,MALE,MARRIED,SCIENCE,6
TAMIL NADU,MALE,SINGLE,ARTS,6
TAMIL NADU,MALE,SINGLE,COMMERCE,46
TAMIL NADU,MALE,SINGLE,ENGINEERING,181
TAMIL NADU,MALE,SINGLE,FINANCE,2
TAMIL NADU,MALE,SINGLE,MANAGEMENT,67
TAMIL NADU,MALE,SINGLE,SCIENCE,22
TAMIL NADU,NA,MARRIED,NA,1
TAMIL NADU,NA,NA,OTHERS,1
TELANGANA,FEMALE,DIVORCED,ENGINEERING,1
TELANGANA,FEMALE,MARRIED,COMMERCE,5
TELANGANA,FEMALE,MARRIED,ENGINEERING,14
TELANGANA,FEMALE,MARRIED,MANAGEMENT,10
TELANGANA,FEMALE,MARRIED,NA,19
TELANGANA,FEMALE,MARRIED,OTHERS,1
TELANGANA,FEMALE,MARRIED,SCIENCE,5
TELANGANA,FEMALE,NA,ENGINEERING,1
TELANGANA,FEMALE,NA,NA,2
TELANGANA,FEMALE,SINGLE,COMMERCE,10
TELANGANA,FEMALE,SINGLE,ENGINEERING,69
TELANGANA,FEMALE,SINGLE,MANAGEMENT,11
TELANGANA,FEMALE,SINGLE,NA,41
TELANGANA,FEMALE,SINGLE,OTHERS,4
TELANGANA,FEMALE,SINGLE,SCIENCE,4
TELANGANA,MALE,DIVORCED,NA,1
TELANGANA,MALE,MARRIED,ARTS,1
TELANGANA,MALE,MARRIED,COMMERCE,14
TELANGANA,MALE,MARRIED,ENGINEERING,9
TELANGANA,MALE,MARRIED,MANAGEMENT,12
TELANGANA,MALE,MARRIED,NA,40
TELANGANA,MALE,MARRIED,SCIENCE,8
TELANGANA,MALE,NA,NA,1
TELANGANA,MALE,NA,OTHERS,3
TELANGANA,MALE,NA,SCIENCE,1
TELANGANA,MALE,SINGLE,ARTS,8
TELANGANA,MALE,SINGLE,COMMERCE,36
TELANGANA,MALE,SINGLE,ENGINEERING,130
TELANGANA,MALE,SINGLE,MANAGEMENT,39
TELANGANA,MALE,SINGLE,NA,119
TELANGANA,MALE,SINGLE,OTHERS,2
TELANGANA,MALE,SINGLE,SCIENCE,22
TELANGANA,NA,MARRIED,NA,1
TELANGANA,NA,NA,ENGINEERING,1
TELANGANA,NA,NA,NA,13
TELANGANA,NA,NA,OTHERS,2
TELANGANA,NA,NA,SCIENCE,1
TELANGANA,NA,SINGLE,NA,1
TELANGANA,NA,SINGLE,OTHERS,1
TRIPURA,MALE,MARRIED,MANAGEMENT,1
TRIPURA,MALE,SINGLE,ENGINEERING,8
TRIPURA,MALE,SINGLE,MANAGEMENT,1
TRIPURA,MALE,SINGLE,SCIENCE,1
UTTAR PRADESH,FEMALE,MARRIED,ARTS,2
UTTAR PRADESH,FEMALE,MARRIED,COMMERCE,3
UTTAR PRADESH,FEMALE,MARRIED,ENGINEERING,4
UTTAR PRADESH,FEMALE,MARRIED,MANAGEMENT,5
UTTAR PRADESH,FEMALE,MARRIED,OTHERS,1
UTTAR PRADESH,FEMALE,MARRIED,SCIENCE,4
UTTAR PRADESH,FEMALE,SINGLE,ARTS,8
UTTAR PRADESH,FEMALE,SINGLE,COMMERCE,67
UTTAR PRADESH,FEMALE,SINGLE,ENGINEERING,35
UTTAR PRADESH,FEMALE,SINGLE,FINANCE,1
UTTAR PRADESH,FEMALE,SINGLE,MANAGEMENT,41
UTTAR PRADESH,FEMALE,SINGLE,OTHERS,2
UTTAR PRADESH,FEMALE,SINGLE,SCIENCE,13
UTTAR PRADESH,FEMALE,WIDOWED,MANAGEMENT,1
UTTAR PRADESH,MALE,MARRIED,ARTS,26
UTTAR PRADESH,MALE,MARRIED,COMMERCE,41
UTTAR PRADESH,MALE,MARRIED,ENGINEERING,17
UTTAR PRADESH,MALE,MARRIED,FINANCE,1
UTTAR PRADESH,MALE,MARRIED,MANAGEMENT,45
UTTAR PRADESH,MALE,MARRIED,OTHERS,5
UTTAR PRADESH,MALE,MARRIED,SCIENCE,26
UTTAR PRADESH,MALE,SINGLE,ARTS,46
UTTAR PRADESH,MALE,SINGLE,COMMERCE,130
UTTAR PRADESH,MALE,SINGLE,ENGINEERING,114
UTTAR PRADESH,MALE,SINGLE,FINANCE,1
UTTAR PRADESH,MALE,SINGLE,MANAGEMENT,105
UTTAR PRADESH,MALE,SINGLE,OTHERS,10
UTTAR PRADESH,MALE,SINGLE,SCIENCE,35
UTTAR PRADESH,MALE,WIDOWED,SCIENCE,1
UTTAR PRADESH,NA,MARRIED,NA,1
UTTAR PRADESH,NA,SINGLE,OTHERS,1
UTTARAKHAND,FEMALE,MARRIED,COMMERCE,3
UTTARAKHAND,FEMALE,MARRIED,MANAGEMENT,1
UTTARAKHAND,FEMALE,SINGLE,ARTS,1
UTTARAKHAND,FEMALE,SINGLE,COMMERCE,4
UTTARAKHAND,FEMALE,SINGLE,ENGINEERING,5
UTTARAKHAND,FEMALE,SINGLE,MANAGEMENT,4
UTTARAKHAND,FEMALE,SINGLE,NA,1
UTTARAKHAND,FEMALE,SINGLE,SCIENCE,2
UTTARAKHAND,MALE,MARRIED,COMMERCE,2
UTTARAKHAND,MALE,MARRIED,ENGINEERING,1
UTTARAKHAND,MALE,MARRIED,MANAGEMENT,6
UTTARAKHAND,MALE,MARRIED,SCIENCE,3
UTTARAKHAND,MALE,SINGLE,ARTS,4
UTTARAKHAND,MALE,SINGLE,COMMERCE,2
UTTARAKHAND,MALE,SINGLE,ENGINEERING,7
UTTARAKHAND,MALE,SINGLE,MANAGEMENT,4
UTTARAKHAND,MALE,SINGLE,OTHERS,1
UTTARAKHAND,MALE,SINGLE,SCIENCE,3
WEST BENGAL,FEMALE,LEGALLY SEPERATED,SCIENCE,1
WEST BENGAL,FEMALE,MARRIED,ARTS,3
WEST BENGAL,FEMALE,MARRIED,COMMERCE,5
WEST BENGAL,FEMALE,MARRIED,ENGINEERING,3
WEST BENGAL,FEMALE,MARRIED,MANAGEMENT,2
WEST BENGAL,FEMALE,MARRIED,OTHERS,2
WEST BENGAL,FEMALE,MARRIED,SCIENCE,5
WEST BENGAL,FEMALE,NA,COMMERCE,1
WEST BENGAL,FEMALE,NA,NA,3
WEST BENGAL,FEMALE,NA,OTHERS,2
WEST BENGAL,FEMALE,SINGLE,ARTS,20
WEST BENGAL,FEMALE,SINGLE,COMMERCE,34
WEST BENGAL,FEMALE,SINGLE,ENGINEERING,23
WEST BENGAL,FEMALE,SINGLE,MANAGEMENT,11
WEST BENGAL,FEMALE,SINGLE,NA,4
WEST BENGAL,FEMALE,SINGLE,OTHERS,8
WEST BENGAL,FEMALE,SINGLE,SCIENCE,22
WEST BENGAL,FEMALE,WIDOWED,COMMERCE,1
WEST BENGAL,MALE,DIVORCED,COMMERCE,1
WEST BENGAL,MALE,DIVORCED,SCIENCE,1
WEST BENGAL,MALE,LEGALLY SEPERATED,ARTS,1
WEST BENGAL,MALE,MARRIED,ARTS,9
WEST BENGAL,MALE,MARRIED,COMMERCE,38
WEST BENGAL,MALE,MARRIED,ENGINEERING,13
WEST BENGAL,MALE,MARRIED,FINANCE,3
WEST BENGAL,MALE,MARRIED,MANAGEMENT,21
WEST BENGAL,MALE,MARRIED,OTHERS,2
WEST BENGAL,MALE,MARRIED,SCIENCE,10
WEST BENGAL,MALE,NA,OTHERS,2
WEST BENGAL,MALE,SINGLE,ARTS,52
WEST BENGAL,MALE,SINGLE,COMMERCE,88
WEST BENGAL,MALE,SINGLE,ENGINEERING,112
WEST BENGAL,MALE,SINGLE,MANAGEMENT,56
WEST BENGAL,MALE,SINGLE,NA,2
WEST BENGAL,MALE,SINGLE,OTHERS,11
WEST BENGAL,MALE,SINGLE,SCIENCE,46
WEST BENGAL,NA,NA,NA,4
WEST BENGAL,NA,NA,OTHERS,6
WEST BENGAL,NA,SINGLE,NA,3
WEST BENGAL,NA,SINGLE,OTHERS,2
